[
    {
        "Title": "The Evolution of Electric Vehicles",
        "Date":"24-08-2023",
        "Content": "Electric vehicles (EVs) have come a long way since their inception. In this blog post, we take a journey through the history of EVs, from early prototypes to modern, eco-friendly cars. Discover the technology advancements, benefits, and challenges that have shaped the electric vehicle industry."
    
    },
    {
        "Title": "Top 10 Classic Cars Every Enthusiast Should Know",
        "Date":"22-08-2023",
        "Content": "Classic cars hold a special place in the hearts of automotive enthusiasts. In this blog post, we present a curated list of the top 10 classic cars that have left an indelible mark on the world of automobiles. Explore the timeless beauty, performance, and history behind these iconic vehicles."
    },
    {
        "Title": "The Future of Autonomous Driving",
        "Date":"26-08-2023",
        "Content": "Autonomous driving technology is revolutionizing the automotive industry. In this blog post, we delve into the future of self-driving cars, examining the latest advancements, safety features, and potential impacts on society. Get a glimpse of what lies ahead in the era of autonomous vehicles."
    }
     
]